1501217124, -0.237281853437, 0.0298160237615
1501217705, -0.0519225375267, -0.120426832489
1501217707, -0.0510610345547, -0.123736463839
1501217708, -0.038654041325, -0.123114880277
1501217709, -0.0296123469597, -0.118066871979
1501217709, -0.0221238036428, -0.118475974521
1501217710, -0.0150714772549, -0.113352569571
1501217710, -0.00300986714682, -0.110433811193
1501217711, 0.00901814380663, -0.102342574594
1501217711, 0.0184608061364, -0.092551128793
1501217712, 0.031090562606, -0.0723091235625
1501217712, 0.0391328352632, -0.0103405047791
1501217713, 0.0322682704293, 0.0614933927977
1501217714, 0.00338289741954, 0.167077766415
1501217714, -0.0220368176886, 0.216930299568
1501217715, -0.121620309344, 0.343371609234
1501217715, -0.323629564432, 0.51105766263
1501217716, -0.550797297888, 0.64654648196
1501217716, -0.773836457369, 0.726290438095
1501217717, -1.10090555963, 0.783399177187
1501217718, -1.42385778943, 0.77826532546
1501217719, -1.73559099508, 0.749571912094
1501217719, -2.04944738496, 0.716691013753
1501217720, -2.35902768288, 0.682127216256
1501217721, -2.67172280575, 0.64510238022
1501217721, -2.9686957021, 0.602420133104
1501217722, -3.24771799973, 0.555322532501
1501217722, -3.53432947161, 0.499772011765
1501217723, -3.80995870351, 0.435657405934
1501217724, -4.08699385555, 0.352297461351
1501217724, -4.34730809106, 0.259830192586
1501217725, -4.59552984071, 0.16658270461
1501217725, -4.85583505041, 0.0749092344673
1501217726, -5.1075350785, -0.0277599675056
1501217727, -5.35300932483, -0.120008976839
1501217727, -5.6021774731, -0.219391836178
1501217728, -5.84496241915, -0.333584840096
1501217728, -6.06557843356, -0.458610497477
1501217729, -6.28070662237, -0.593662283457
1501217730, -6.35329694334, -0.63042052897
1501217730, -6.36666168073, -0.666629033341
1501217731, -6.38005625524, -0.703824377684
1501217731, -6.39137450019, -0.726515454235
1501217732, -6.39084169046, -0.798314863592
1501217732, -6.37250401922, -0.870248992012
1501217749, -6.34716583234, -0.917546116276
1501217751, -6.33024338234, -0.938808417676
1501217752, -6.324509613, -0.94266767811
1501217753, -6.31756761252, -0.946106188983
1501217754, -6.29343332449, -0.963971560329
1501217755, -6.22918964484, -0.980464212028
1501217755, -6.13626985188, -0.986051044146
1501217756, -6.08104642261, -0.985731535335
1501217757, -6.05292100013, -0.968519919314
1501217757, -6.05154639176, -0.924025162558
1501217759, -5.91719749017, -0.683040723259
1501217760, -5.77948581757, -0.441619123257
1501217761, -5.67470390108, -0.284993596257
1501217762, -5.54082711504, -0.175944411183
1501217764, -5.42601667501, -0.105067622616
1501217765, -5.34849076001, -0.075840252278
1501217765, -5.28008514586, -0.065721813297
1501217766, -5.07222796651, -0.0941563067448
1501217766, -4.91018477698, -0.147602720605
1501217767, -4.66948521999, -0.292351789389
1501217768, -4.46038752493, -0.466041473692
1501217769, -4.32033000156, -0.639429885473
1501217769, -4.29380743367, -0.705520835144
1501217770, -4.28642074265, -0.745613295391
1501217770, -4.29437401496, -0.810321878118
1501217771, -4.30685619757, -0.869310607221
1501217771, -4.33284556581, -0.920241028886
1501217772, -4.38837996532, -1.00744040445
1501217773, -4.4411097383, -1.06858112141
1501217773, -4.46365803562, -1.08287814781
1501217774, -4.48885746305, -1.09221588739
1501217775, -4.50899810507, -1.09043506745
1501217775, -4.5266523022, -1.08792970126
1501217776, -4.53965219203, -1.08550705251
1501217776, -4.55880169109, -1.07688403504
1501217794, -4.59346431975, -1.04426807529
1501217796, -4.60415925373, -1.03667025586
1501217797, -4.61054770067, -1.02729602711
1501217798, -4.61521069779, -1.02566549819
1501217798, -4.61580465483, -1.02233157245
1501217799, -4.61559779538, -1.01776037851
1501217800, -4.6135615745, -1.00509458941
1501217800, -4.59798933164, -0.978074326528
1501217801, -4.49627123598, -0.871827872698
1501217802, -4.32095751971, -0.738624580948
1501217803, -4.08434955731, -0.616501756657
1501217803, -3.81886218391, -0.535064578147
1501217804, -3.54322216797, -0.48330648215
1501217805, -3.23283240907, -0.467619470408
1501217805, -2.98692253551, -0.487928950192
1501217806, -2.74991254324, -0.573443831743
1501217807, -2.50519404416, -0.717037991769
1501217808, -2.29615582852, -0.873903489443
1501217809, -2.19725857224, -0.972618789632
1501217809, -2.17200448704, -1.00441966102
1501217810, -2.15476456203, -1.02743632152
1501217810, -2.1433965252, -1.09880652069
1501217811, -2.14717962345, -1.15578396278
1501217811, -2.15405730411, -1.18696119688
1501217812, -2.16072682491, -1.20773518347
1501217812, -2.1833373414, -1.22989560093
1501217812, -2.21109448714, -1.2570349313
1501217813, -2.23764411042, -1.26634700368
1501217814, -2.25933558983, -1.26770641592
1501217815, -2.28205122423, -1.27060190749
1501217815, -2.29921650961, -1.26488972455
1501217816, -2.31229263889, -1.25638321664
1501217816, -2.32939248532, -1.24449248408
1501217833, -2.52931185455, -1.070933387
1501217833, -2.72782486431, -0.895054588712
1501217834, -2.80856417087, -0.802748233153
1501217835, -2.84304225746, -0.740191821888
1501217836, -2.87231861415, -0.632705315445
1501217836, -2.87713429431, -0.537032958099
1501217837, -2.83726431039, -0.223303727798
1501217838, -2.80502302336, -0.144550693021
1501217839, -2.66446343289, 0.0987132563441
1501217839, -2.49735827042, 0.313321725395
1501217840, -2.30845522064, 0.492041185032
1501217841, -2.12524398487, 0.62576648185
1501217932, 1.59013301584, 1.33402865487
1501217933, 1.62708834362, 1.31938248249
1501217934, 1.64829187054, 1.31295367986
1501217934, 1.66270091662, 1.31329520898
1501217935, 1.67666623729, 1.31497080698
1501217936, 1.68480659347, 1.32272409019
1501217936, 1.68900420303, 1.32908886123
1501217937, 1.69543339197, 1.33355280781
1501217937, 1.69641346775, 1.33772540257
1501217938, 1.69755881167, 1.34404537082
1501217938, 1.69629299737, 1.34501174166
1501217939, 1.69955280477, 1.3446401813
1501217940, 1.69968817203, 1.34716576695
1501217956, 1.55413317002, 1.57706770298
1501217957, 1.40451528168, 1.79130808383
1501217957, 1.25259031992, 1.99830742801
1501217958, 1.09306217427, 2.19393822178
1501217959, 0.92207084574, 2.38123965832
1501217959, 0.743738701146, 2.55593702876
1501217960, 0.564467443574, 2.7265492356
1501217960, 0.374898545479, 2.88866437581
1501217842, -1.88458634316, 0.740403411007
1501217842, -1.65832485817, 0.817938896346
1501217843, -1.39348505135, 0.848872302519
1501217844, -1.25411222574, 0.843184593755
1501217844, -1.19500373965, 0.837085933675
1501217845, -1.06888967495, 0.767970129263
1501217845, -0.880911885571, 0.599756046651
1501217846, -0.730236103142, 0.41366876263
1501217847, -0.692063102606, 0.353506132039
1501217847, -0.691269655368, 0.333930458495
1501217848, -0.691019453093, 0.300020499945
1501217849, -0.698172173723, 0.283655127402
1501217849, -0.700860138741, 0.260706037846
1501217850, -0.71411497791, 0.242419751135
1501217850, -0.736910039305, 0.219613517285
1501217850, -0.762397335266, 0.19907589047
1501217851, -0.787437024611, 0.186293174213
1501217851, -0.80616987269, 0.18119807143
1501217852, -0.82430981615, 0.177622910919
1501217852, -0.836286352941, 0.185115822554
1501217853, -0.845494316612, 0.187459743114
1501217869, -0.871451175865, 0.208373814481
1501217870, -0.909640203941, 0.25447173996
1501217871, -0.93736388054, 0.332906445354
1501217872, -0.952473777106, 0.391959423762
1501217872, -0.948892213944, 0.529565324825
1501217873, -0.905464071461, 0.877480420928
1501217874, -0.808037699225, 1.19445571083
1501217875, -0.674589045207, 1.45504878522
1501217876, -0.514037962875, 1.68107869247
1501217876, -0.337931315057, 1.87190745699
1501217877, -0.141314245305, 2.04055038963
1501217878, 0.077540011743, 2.17748126803
1501217878, 0.323650481018, 2.28749482872
1501217879, 0.574144933129, 2.37440610556
1501217880, 0.772400938689, 2.39924483649
1501217880, 0.963016783664, 2.39455249097
1501217881, 1.02585743268, 2.37801276653
1501217881, 1.11703983874, 2.33441730244
1501217882, 1.28528785567, 2.20701636542
1501217883, 1.44432779066, 2.02712316386
1501217883, 1.53134139084, 1.88493798326
1501217884, 1.61502243795, 1.63261106427
1501217885, 1.67373870685, 1.38880202704
1501217886, 1.68228415395, 1.35154344594
1501217886, 1.67201085286, 1.33847548937
1501217887, 1.66747423793, 1.32153719608
1501217888, 1.66073588691, 1.30467751075
1501217888, 1.64932361839, 1.2928733522
1501217889, 1.63877198867, 1.29026658908
1501217889, 1.62414802659, 1.28402666778
1501217890, 1.61530376272, 1.27915477747
1501217891, 1.5969135999, 1.28680933272
1501217891, 1.58241471522, 1.28757012979
1501217891, 1.56908689688, 1.29466065704
1501217892, 1.56037225433, 1.30638724974
1501217892, 1.55809172455, 1.30835275702
1501217893, 1.55937266108, 1.31425783954
1501217893, 1.5532609256, 1.32159677532
1501217893, 1.55085266073, 1.33029151371
1501217894, 1.54874782844, 1.3466965846
1501217894, 1.55275769068, 1.35711663095
1501217895, 1.55774005616, 1.36517045797
1501217895, 1.56696736591, 1.38151913906
1501217896, 1.5787215923, 1.39389219593
1501217897, 1.58865600149, 1.39897499027
1501217897, 1.60083522164, 1.39912301248
1501217898, 1.61359863166, 1.40099748879
1501217902, 1.61687424088, 1.39724575492
1501217903, 1.61856196502, 1.39816486412
1501217904, 1.61724747947, 1.4036466627
1501217904, 1.6136224674, 1.40895189458
1501217905, 1.61449188198, 1.40707382346
1501217906, 1.61080701951, 1.41354793267
1501217906, 1.60819321203, 1.41121370437
1501217907, 1.61095558759, 1.40902458585
1501217907, 1.61077197299, 1.40596808763
1501217908, 1.6118560469, 1.41138764056
1501217908, 1.608285909, 1.4120138892
1501217909, 1.60661858018, 1.41152878941
1501217909, 1.60377054541, 1.41326822259
1501217910, 1.60064813769, 1.41414964042
1501217910, 1.59789438206, 1.41311322379
1501217911, 1.59794632835, 1.41231801402
1501217911, 1.6025635592, 1.41225357888
1501217912, 1.59940742495, 1.41304902015
1501217913, 1.6025198573, 1.41057224609
1501217913, 1.60299976631, 1.41468618593
1501217914, 1.59990708083, 1.41560507502
1501217914, 1.59428547359, 1.42287886778
1501217915, 1.59221056759, 1.42596363929
1501217915, 1.58956447929, 1.43187207489
1501217916, 1.58294613264, 1.43501163293
1501217916, 1.57587613468, 1.44511077866
1501217916, 1.56798340063, 1.45175202419
1501217917, 1.56741504573, 1.45707232335
1501217917, 1.5661267639, 1.46008294163
1501217918, 1.5653735664, 1.46258262328
1501217919, 1.56720625547, 1.46255211419
1501217919, 1.56668469718, 1.46531653695
1501217920, 1.56668655212, 1.46815665405
1501217920, 1.56964504285, 1.46564768509
1501217921, 1.56926157133, 1.46122857979
1501217921, 1.56435863896, 1.4578983027
1501217922, 1.56638951559, 1.46211700911
1501217922, 1.56768773959, 1.46463828064
1501217923, 1.56745818384, 1.47256829589
1501217923, 1.56958133474, 1.4717911858
1501217924, 1.56748251896, 1.47239944122
1501217924, 1.56311312965, 1.47983268508
1501217925, 1.5661504079, 1.47896595298
1501217925, 1.56349353289, 1.4768763504
1501217926, 1.55771650145, 1.48078749112
1501217926, 1.55541930741, 1.48427214996
1501217927, 1.55452704866, 1.47889361768
1501217927, 1.55530102242, 1.47492185846
1501217928, 1.55511373225, 1.47502210749
1501217928, 1.55662620018, 1.47289659845
1501217929, 1.5481094613, 1.45104923624
1501217929, 1.5413357028, 1.42426051843
1501217930, 1.53784325722, 1.40188522563
1501217930, 1.535990358, 1.39003207969
1501217931, 1.53494402148, 1.38061920479
1501217931, 1.54253966314, 1.36758560064
1501217932, 1.5536980225, 1.35649030767
1501217961, 0.170600745171, 3.04341855946
1501217962, -0.0380237412054, 3.19339511712
1501217963, -0.202982670912, 3.31940764563
1501217964, -0.204698132209, 3.33661178043
1501217964, -0.224158204784, 3.38273732352
1501217965, -0.235513830847, 3.44139936057
1501217965, -0.229067782018, 3.51418393239
1501217966, -0.22547565827, 3.55128456755
1501217966, -0.210020454153, 3.57769759456
1501217967, -0.11787869286, 3.70149688776
1501217971, -0.0171687392053, 3.8006188895
1501217972, -0.022813249088, 3.79354074503
1501217973, -0.0231932515569, 3.78506265889
1501217974, -0.027073512076, 3.77795156089
1501217974, -0.0195000158029, 3.77607240515
1501217975, -0.0167386229316, 3.77417169014
1501217991, -0.0128176126997, 3.77063384904
1501217993, -0.0233218734913, 3.77643342502
1501217994, -0.0366174472884, 3.77529437017
1501217995, -0.0433013147015, 3.78145674057
1501217996, -0.0738726189109, 3.78328837275
1501217998, -0.412722103132, 3.75457782641
1501217999, -0.489499773151, 3.73930207844
1501217999, -0.511661600502, 3.72832962668
1501218000, -0.541151978064, 3.70657253249
1501218000, -0.58030873411, 3.66757988836
1501218001, -0.726442325591, 3.4349821112
1501218002, -0.866493881788, 3.19844245213
1501218003, -1.01456755394, 2.96006807371
1501218003, -1.15899978418, 2.72622595095
1501218005, -1.28589671282, 2.5356838785
1501218005, -1.37591103994, 2.46275164949
1501218006, -1.48461940424, 2.39914284689
1501218007, -1.55124860784, 2.37739606501
1501218007, -1.63095643061, 2.36985210677
1501218008, -1.67780576824, 2.38085517383
1501218008, -1.80270035463, 2.42866396525
1501218011, -1.89309927352, 2.47542971756
1501218012, -1.89356647253, 2.46823054968
1501218013, -1.89649799424, 2.46860258912
1501218014, -1.89330556219, 2.4681054692
1501218031, -2.12277081706, 2.33487146051
1501218032, -2.34900057247, 2.20185734855
1501218032, -2.58118786663, 2.05981692183
1501218033, -2.80543130522, 1.91951357605
1501218034, -3.02746968357, 1.78543223462
1501218051, -3.24532598257, 1.64862214226
1501218052, -3.4717733704, 1.50507654231
1501218052, -3.69019522386, 1.36148719938
1501218053, -3.89908905761, 1.21536872845
1501218054, -4.10706844518, 1.06090357448
1501218056, -4.21878864908, 0.96281013884
1501218056, -4.2300196108, 0.938992406793
1501218078, -4.33705326851, 0.700791374946
1501218079, -4.34817271854, 0.68939772312
1501218080, -4.35148476049, 0.689641837701
1501218081, -4.36296444294, 0.696745241744
1501218082, -4.36674473201, 0.69871947883
1501218083, -4.37303998739, 0.699846348327
1501218084, -4.38315133579, 0.697256067342
1501218085, -4.38749306826, 0.690262538622
1501218085, -4.40025948878, 0.703659665134
1501218086, -4.41550676619, 0.723518973741
1501218087, -4.43502009946, 0.763608137193
1501218088, -4.52752154047, 1.03913219149
1501218089, -4.60264340028, 1.3319976113
1501218090, -4.67429110138, 1.62393880219
1501218092, -4.74653448031, 1.90020788489
1501218093, -4.80459214018, 1.99656735932
1501218093, -4.85588391445, 2.07155966626
1501218094, -4.89768266489, 2.11629513246
1501218094, -4.92930753521, 2.13162011388
1501218095, -4.95329034983, 2.13362811048
1501218096, -5.06062016116, 2.13167237126
1501218100, -5.20786272779, 2.11456940213
1501218100, -5.20355560725, 2.10980884229
1501218101, -5.19908343364, 2.11508340972
1501218102, -5.2017739511, 2.12398256481
1501218127, -5.28986828655, 2.19280856686
1501218128, -5.29196627811, 2.19335774888
1501218129, -5.29105452014, 2.1983712067
1501218130, -5.29118631039, 2.19887393524
1501218130, -5.2895221564, 2.20418571925
1501218131, -5.28794808602, 2.21766754877
1501218131, -5.2543652362, 2.27149704855
1501218132, -5.09914095245, 2.43287234155
1501218133, -4.8976123849, 2.59510533906
1501218133, -4.67938806452, 2.73654016424
1501218134, -4.45707739093, 2.87387313463
1501218134, -4.22677890128, 2.99632484001
1501218135, -3.98370657063, 3.12001815626
1501218136, -3.71487297737, 3.21116410729
1501218138, -3.53322547613, 3.2584470105
1501218139, -3.50562419544, 3.25488643483
1501218156, -3.26818849486, 3.23091582842
1501218157, -2.95876730775, 3.28157536562
1501218158, -2.66074658886, 3.3520849624
1501218158, -2.39007269729, 3.43565250727
1501218159, -2.14015869536, 3.54192108369
1501218160, -1.91280501927, 3.68130505057
1501218161, -1.72779480086, 3.84481670181
1501218162, -1.61534222634, 3.95890962581
1501218164, -1.5938682148, 4.00955583048
1501218165, -1.59361119676, 4.0454892535
1501218165, -1.58251674274, 4.15940045205
1501218166, -1.59474291095, 4.22950061724
1501218170, -1.66625483153, 4.4261173735
1501218171, -1.66449481433, 4.43136242266
1501218172, -1.66247671904, 4.4383870107
1501218173, -1.66282336989, 4.43577384082
1501218173, -1.65164587272, 4.43158472322
1501218174, -1.65029249089, 4.42999280374
1501218174, -1.64576629384, 4.42644810449
1501218175, -1.64265992497, 4.42518830799
1501218175, -1.63958444757, 4.41908932508
1501218176, -1.63960700613, 4.41824876613
1501218176, -1.63749756988, 4.41993093057
1501218177, -1.63618945316, 4.42259277931
1501218178, -1.63291105598, 4.41875346506
1501218178, -1.63493325401, 4.42312382319
1501218179, -1.63743020016, 4.42888847831
1501218180, -1.63528891893, 4.39311332589
1501218185, -1.63537056145, 4.27941165401
1501218186, -1.63492569393, 4.28253776715
1501218187, -1.63623190102, 4.28711513322
1501218188, -1.63892037448, 4.29343786459
1501218189, -1.64365124743, 4.3010187851
1501218189, -1.64498503783, 4.3042285306
1501218190, -1.6449641097, 4.30471623694
1501218190, -1.64450658095, 4.30112458808
1501218191, -1.64554420896, 4.30281194535
1501218191, -1.64303965137, 4.30460338291
1501218191, -1.6427537427, 4.30068912288
1501218192, -1.64334425923, 4.30039119895
1501218192, -1.64565870849, 4.30298389878
1501218193, -1.64455957051, 4.30673019099
1501218193, -1.64223734537, 4.3057912654
1501218196, -1.6394735468, 4.3093963044
1501218201, -1.63989319184, 4.30961498955
1501218201, -1.64746300205, 4.32391245926
1501218202, -1.65600628438, 4.33830056254
1501218202, -1.66069129045, 4.34438566082
1501218203, -1.66391308455, 4.34980932241
1501218203, -1.66558838374, 4.34816165434
1501218204, -1.66621805493, 4.34644697669
1501218204, -1.66705631419, 4.34803156563
1501218204, -1.66700553232, 4.34723466175
1501218205, -1.66788082938, 4.35214041692
1501218205, -1.66534393602, 4.34956319829
1501218206, -1.66396910248, 4.35138407997
1501218206, -1.66582351397, 4.3485668182
1501218207, -1.66529336775, 4.35331014276
1501218207, -1.66160669315, 4.35299002286
1501218208, -1.66182728597, 4.35702003039
1501218208, -1.66139458499, 4.3593358111
1501218209, -1.65919374902, 4.36005303909
1501218209, -1.65638226928, 4.36496412466
1501218210, -1.65412948438, 4.36317628658
1501218210, -1.65328087082, 4.36395270394
1501218210, -1.6537604433, 4.36580852313
1501218211, -1.64984698714, 4.36734323249
1501218227, -1.63997686041, 4.36808106071
1501218228, -1.63532669508, 4.37013714395
1501218229, -1.62310310682, 4.39199963079
1501218230, -1.48783861047, 4.62290894618
1501218231, -1.3664252984, 4.85691922885
1501218232, -1.26582449063, 5.09040940531
1501218233, -1.25675580496, 5.17665819396
1501218233, -1.26435117831, 5.22847740576
1501218234, -1.28304381183, 5.28403408694
1501218239, -1.32363410625, 5.36208772845
1501218239, -1.32552896924, 5.36594775112
1501218240, -1.32409202188, 5.36691402053
1501218241, -1.32160387128, 5.37012091597
1501218241, -1.32432609978, 5.37445526382
1501218242, -1.32091773225, 5.37384843035
1501218260, -1.31067327333, 5.37770783185
1501218261, -1.2997917386, 5.39485409919
1501218262, -1.24786449338, 5.55585772246
1501218263, -1.18834130824, 5.82905978376
1501218264, -1.14541001933, 6.12269829587
1501218265, -1.15351616283, 6.25518999703
1501218266, -1.20460166601, 6.39416271683
1501218267, -1.23664928573, 6.43828621787
1501218268, -1.40548292924, 6.64293271375
1501218269, -1.58052208116, 6.83050343595
1501218270, -1.62878661602, 6.858714955
1501218271, -1.86938824591, 6.96469649928
1501218293, -2.00768367135, 7.01130279562
1501218300, -2.20558074063, 7.13624391197
1501218301, -2.21332591859, 7.13310591692
1501218302, -2.21477876281, 7.12968039622
1501218302, -2.217638724, 7.12740776801
1501218303, -2.23658362053, 7.12221496239
1501218303, -2.24906940765, 7.1120593931
1501218304, -2.25879735091, 7.11592792883
1501218304, -2.2657083264, 7.1155154812
1501218305, -2.28144198321, 7.08482004838
1501218307, -2.2850259104, 7.01935009965
1501218308, -2.2847658392, 7.00275663444
1501218309, -2.27496474691, 6.96482616963
1501218310, -2.14071943218, 6.71878573745
1501218311, -2.00234719295, 6.49569903794
1501218312, -1.96043567041, 6.41835184686
1501218313, -1.92437299497, 6.26810471972
1501218314, -1.9179932548, 6.11020333913
1501218314, -1.93598539289, 6.00057309295
1501218315, -1.97364096613, 5.90496572098
1501218316, -2.10667451209, 5.70771712127
1501218316, -2.15753053885, 5.64843751074
1501218317, -2.37772156564, 5.49422353491
1501218318, -2.63439151305, 5.38013680101
1501218319, -2.93314170553, 5.30923306624
1501218320, -3.18889102622, 5.30128384058
1501218321, -3.47528749613, 5.33876410183
1501218321, -3.72182092164, 5.40741766094
1501218322, -3.94324094713, 5.52860183918
1501218323, -4.14053720518, 5.67682688984
1501218323, -4.33551798913, 5.84682522601
1501218324, -4.52132565486, 6.0208727861
1501218325, -4.63722683044, 6.21879628301
1501218326, -4.64579774785, 6.26384936429
1501218350, -4.64775368035, 6.30224283034
1501218351, -4.65054594457, 6.30187842946
1501218352, -4.64756953404, 6.30133555242
1501218352, -4.64220598039, 6.30234474617
1501218353, -4.64084415862, 6.30383126882
1501218354, -4.64636001741, 6.30726022262
1501218354, -4.64688455488, 6.30827317057
1501218355, -4.66125207494, 6.30507195953
1501218356, -4.65203595895, 6.31018740519
1501218356, -4.65267601881, 6.30083993896
1501218357, -4.68575471711, 6.26184671194
1501218358, -4.80051787338, 6.06674390181
1501218359, -4.88917434876, 5.80746789756
1501218359, -4.9358091261, 5.55540585782
1501218360, -4.92498425726, 5.30633937942
1501218361, -4.86507504412, 4.95247821662
1501218362, -4.79671006053, 4.6048300253
1501218363, -4.78917208805, 4.56154794921
1501218364, -4.79049481305, 4.5274696693
1501218364, -4.8092664701, 4.45152405856
1501218365, -4.92625812709, 4.23122281092
1501218366, -5.07539098708, 4.03641542306
1501218367, -5.24798498485, 3.87495245786
1501218367, -5.29641992182, 3.85441588755
1501218368, -5.34080057398, 3.85800295655
1501218369, -5.43696331284, 3.8523128126
1501218369, -5.60894702095, 3.87113311179
1501218370, -5.64405371505, 3.88277820044
1501218370, -5.66025022874, 3.88974970305
1501218371, -5.67342784917, 3.90194815074
1501218389, -5.67939199536, 3.90123437334
1501218390, -5.68581006265, 3.91246190744
1501218391, -5.70151639955, 3.91584740682
1501218392, -5.72418131967, 3.91439941441
1501218393, -5.73645490411, 3.92063403376
1501218395, -5.78113998348, 3.90979558412
1501218397, -5.8817050805, 3.87472215143
1501218399, -6.07884145446, 3.72488347474
1501218399, -6.24643783636, 3.54631287412
1501218400, -6.2915005204, 3.45120956809
1501218401, -6.39322864307, 3.21398819267
1501218404, -6.42419205594, 3.13683803685
1501218424, -6.5157072655, 3.00012083831
1501218425, -6.55394438656, 2.87613226017
1501218426, -6.60869797422, 2.60231284599
1501218426, -6.65382410126, 2.3345684613
1501218429, -6.69364867118, 2.13057785788
1501218430, -6.81045050972, 1.90175986841
1501218430, -6.94779245639, 1.69143180057
1501218431, -7.09639491535, 1.48861234492
1501218432, -7.18291561227, 1.38080658314
1501218432, -7.20279675846, 1.36507502817
1501218433, -7.22673368016, 1.35762831286
1501218433, -7.2785189198, 1.35426884622
1501218434, -7.34774503145, 1.37794203081
1501218435, -7.47967813637, 1.43856590948
1501218435, -7.58674419704, 1.50940957849
1501218436, -7.61470028534, 1.54341568892
1501218452, -7.78355933488, 1.77746096727
1501218453, -7.93340551947, 1.99979456597
1501218454, -8.08150553551, 2.22396858047
1501218454, -8.23507971275, 2.45734727324
1501218455, -8.38375062312, 2.68299349759
1501218455, -8.53009719579, 2.91011834127
1501218456, -8.67889269972, 3.13949514139
1501218457, -8.82532575075, 3.37165305916
1501218457, -8.96838291727, 3.60316556782
1501218458, -9.11124825203, 3.8390011751
1501218459, -9.21770632532, 4.05972865968
1501218460, -9.23901665003, 4.14223614612
1501218476, -9.29067337432, 4.49871452241
1501218477, -9.3432238373, 4.84516956943
1501218478, -9.39216782963, 5.18881566458
1501218479, -9.43155659914, 5.54003295178
1501218480, -9.42071788895, 5.66139361725
1501218480, -9.34694666317, 5.92655649586
1501218481, -9.24804121613, 6.15825947364
1501218482, -9.11590313821, 6.3773232085
1501218482, -8.97524401013, 6.58813191978
1501218483, -8.82688302746, 6.79273321242
1501218484, -8.71311116321, 6.89585184181
1501218485, -8.67972000766, 6.90970886338
1501218485, -8.61649838494, 6.92395515914
1501218486, -8.48161169258, 6.93220021728
1501218487, -8.37053758443, 6.91942404605
1501218487, -8.25474761496, 6.87970040001
1501218488, -8.16080506715, 6.82375748556
1501218491, -8.03417367895, 6.71231540077
1501218492, -8.03044705818, 6.70480581472
1501218493, -8.02546399014, 6.70535023229
1501218494, -8.02244996759, 6.70774133955
1501218511, -7.71213453078, 6.7902615517
1501218511, -7.40618283211, 6.88022787142
1501218512, -7.11443971378, 6.98153856721
1501218513, -6.83726171991, 7.08190896342
1501218514, -6.56422068207, 7.19151430587
1501218514, -6.29939307646, 7.31972307364
1501218515, -6.05041015887, 7.45534279589
1501218515, -5.80922454306, 7.59550116165
1501218516, -5.58310846862, 7.74724136409
1501218517, -5.3656218182, 7.90895784008
1501218517, -5.15177836532, 8.07198948839
1501218518, -4.96453183077, 8.22788413836
1501218518, -4.76602489422, 8.40322157465
1501218519, -4.57024373084, 8.57879785289
1501218520, -4.3805622753, 8.75112555784
1501218520, -4.20167141373, 8.9279724455
1501218522, -4.01301493751, 9.1165798111
1501218539, -3.83247054837, 9.31013244703
1501218539, -3.64426490604, 9.49019538425
1501218540, -3.4466429001, 9.67709488478
1501218541, -3.24741628193, 9.84792821514
1501218542, -3.03121306416, 10.016206994
1501218542, -2.9510222853, 10.082926234
1501218542, -2.8933374084, 10.1659050475
1501218548, -2.77291490471, 10.3229138193
1501218548, -2.7250558725, 10.3702149127
1501218550, -2.47210078981, 10.4973386484
1501218551, -2.20648924028, 10.6216563995
1501218551, -1.93778730711, 10.7526214772
1501218552, -1.67672268291, 10.8790734462
1501218553, -1.41782883549, 11.0115565852
1501218553, -1.15011769954, 11.1463462749
1501218554, -0.876501935812, 11.2821817874
1501218555, -0.613110199221, 11.4132052017
1501218555, -0.346201051676, 11.5476347788
1501218556, -0.0726310110586, 11.6809789692
1501218557, 0.200798201538, 11.807736208
1501218577, 0.496184841348, 11.9251904621
1501218577, 0.757885030321, 12.0568563653
1501218578, 1.02516251368, 12.2017001844
1501218579, 1.27973292205, 12.3478536495
1501218579, 1.52247139743, 12.497446106
1501218580, 1.76717446423, 12.6623831593
1501218581, 2.00170006058, 12.8299291576
1501218581, 2.23801118428, 13.0018874336
1501218582, 2.406369494, 13.1599785234
1501218583, 2.43998622978, 13.2203758661
1501218585, 2.53553435082, 13.460486513
1501218587, 2.53725746548, 13.4681630426
1501218607, 2.54642171377, 13.4810352003
1501218608, 2.56046671308, 13.4917167529
1501218609, 2.56446619846, 13.4902639352
1501218610, 2.5706116936, 13.4928015506
1501218611, 2.58107908974, 13.4854650076
1501218612, 2.72901448702, 13.4594376722
1501218612, 2.96754940117, 13.3797558979
1501218613, 3.18982695726, 13.2515768358
1501218614, 3.40082150136, 13.095297569
1501218615, 3.58785270679, 12.914765758
1501218615, 3.76016681553, 12.705070855
1501218616, 3.83602385754, 12.5805092116
1501218617, 3.84833330554, 12.5344879122
1501218618, 3.84989185832, 12.5004442441
1501218619, 3.82845966266, 12.3237470369
1501218619, 3.76309775533, 12.0675374973
1501218620, 3.66922299012, 11.8287498165
1501218620, 3.55820958479, 11.5922900473
1501218622, 3.42893254492, 11.3608567575
1501218623, 3.32420599351, 11.2270056872
1501218623, 3.30196150858, 11.2083871694
1501218624, 3.27552769168, 11.1996999926
1501218624, 3.25610173292, 11.1977779772
1501218625, 3.2357149825, 11.19576795
1501218625, 3.21757622857, 11.2044644375
1501218626, 3.20467047795, 11.212693454
1501218626, 3.19025037331, 11.2217808114
1501218643, 3.18155276727, 11.2334301642
1501218645, 3.18125602688, 11.2341096792
1501218646, 3.17854785322, 11.2379110686
1501218646, 3.18025305613, 11.2403203413
1501218647, 3.18171722716, 11.243925158
1501218648, 3.18470490805, 11.2455149718
1501218649, 3.18696435554, 11.2504782193
1501218649, 3.19080742756, 11.2501113304
1501218650, 3.19274945177, 11.2492282599
1501218651, 3.24948634363, 11.2848604561
1501218651, 3.34530059424, 11.3187510013
1501218652, 3.58711355575, 11.3445129262
1501218653, 3.87902723357, 11.3394506905
1501218654, 4.147323431, 11.2890190738
1501218654, 4.38910660477, 11.1871354179
1501218655, 4.527096607, 11.0979120937
1501218656, 4.7136016194, 10.9224083077
1501218657, 4.83946229654, 10.7562325357
1501218657, 4.89081111885, 10.6318810309
1501218658, 4.92377350412, 10.4514482824
1501218658, 4.9364180108, 10.1383763013
1501218659, 4.918394824, 9.84514159959
1501218660, 4.84877607215, 9.58346920473
1501218660, 4.75217822084, 9.33471034168
1501218661, 4.64285263533, 9.10378489494
1501218661, 4.51145046785, 8.88524089108
1501218662, 4.342057534, 8.68281210483
1501218663, 4.15665833584, 8.5024269823
1501218663, 3.95354767066, 8.33464363528
1501218664, 3.91222469478, 8.3193187803
1501218664, 3.8056787697, 8.29021983303
1501218665, 3.7225538218, 8.29154281856
1501218665, 3.65882978774, 8.30442339371
1501218666, 3.52933344487, 8.35968570097
1501218667, 3.43626593105, 8.42163039427
1501218671, 3.36079674768, 8.49410394127
1501218672, 3.36649413479, 8.49099511859
1501218673, 3.36692823065, 8.49102771079
1501218674, 3.37068747003, 8.48581083065
1501218674, 3.3708753645, 8.48386979123
1501218697, 3.34487501105, 8.46447877129
1501218698, 3.3395203072, 8.46891000935
1501218699, 3.33079900443, 8.47213169844
1501218700, 3.32921329982, 8.47525323465
1501218701, 3.32923139282, 8.4781840972
1501218702, 3.32699876755, 8.4853597817
1501218702, 3.33332739313, 8.4846434809
1501218703, 3.33685789345, 8.48622113951
1501218703, 3.33754575109, 8.48592722538
1501218704, 3.33993164807, 8.49000700362
1501218704, 3.33703317907, 8.49995692606
1501218705, 3.33459419509, 8.50429429928
1501218705, 3.35830452831, 8.53278668442
1501218706, 3.45808074473, 8.61765135021
1501218707, 3.71144161486, 8.77018961784
1501218707, 3.99263063966, 8.89229959235
1501218708, 4.2917144223, 9.00001476213
1501218710, 4.62676653023, 9.08510126804
1501218711, 4.96133845494, 9.1413800378
1501218712, 5.29633900578, 9.17919322912
1501218713, 5.54330535846, 9.16483880114
1501218714, 5.64230492296, 9.14282261101
1501218714, 5.69948474773, 9.10878132772
1501218715, 5.77187726535, 9.04170171993
1501218716, 5.9348373782, 8.83403875643
1501218716, 5.98965920831, 8.72880121262
1501218717, 6.04814308216, 8.54553920406
1501218718, 6.05135235794, 8.27001750488
1501218718, 6.02437148121, 7.98478670921
1501218719, 5.97466199396, 7.72289095409
1501218720, 5.90368961392, 7.47075117311
1501218721, 5.82032869751, 7.28823024
1501218721, 5.747772208, 7.19807891964
1501218722, 5.56253164809, 7.02321789985
1501218723, 5.34876990106, 6.86160102258
1501218723, 5.27994890742, 6.8309654306
1501218723, 5.20496395279, 6.81549816647
1501218724, 5.15952363163, 6.81374167262
1501218724, 5.04474606599, 6.83137483244
1501218725, 4.94922495183, 6.86607599801
1501218728, 4.86223938738, 6.91571526042
1501218729, 4.84686134936, 6.90908316092
1501218730, 4.84155393993, 6.90826545975
1501218731, 4.841598547, 6.90855422065
1501218732, 4.84498915935, 6.90636985431
1501218733, 4.84360905595, 6.90540527903
1501218735, 4.84159706616, 6.9067929673
1501218736, 4.85174299209, 6.90872023092
1501218737, 4.86022847925, 6.9107070897
1501218739, 4.86819582699, 6.9102209612
1501218740, 4.86774463783, 6.90957345246
1501218741, 4.8720583203, 6.90847783436
1501218742, 4.87485430509, 6.90590135239
1501218759, 4.90411966814, 6.87169724419
1501218760, 4.91531612094, 6.85910817557
1501218761, 4.93701270058, 6.85131073991
1501218762, 5.05039969856, 6.82955865806
1501218763, 5.21762179807, 6.81692811276
1501218764, 5.35837738096, 6.84789557874
1501218765, 5.65122537355, 6.96310121858
1501218765, 5.92082361544, 7.10310130369
1501218766, 6.14456297144, 7.26434635129
1501218766, 6.352116642, 7.43551682749
1501218767, 6.53040638687, 7.62630296909
1501218768, 6.68152514023, 7.83552566543
1501218768, 6.80296011867, 8.05769109791
1501218769, 6.91429746337, 8.29526359524
1501218771, 7.0060629059, 8.51644715044
1501218772, 7.02002399746, 8.53233893279
1501218790, 7.03327839942, 8.54958784644
1501218791, 7.14515421633, 8.77869636659
1501218797, 7.08348720321, 10.1127972908
1501218798, 6.98232901759, 10.2815501657
1501218799, 6.93794920866, 10.3297489509
1501218799, 6.90317739707, 10.3586973347
1501218799, 6.86866409622, 10.3725001789
1501218800, 6.73524367675, 10.3966198833
1501218801, 6.58144188006, 10.3883759631
1501218803, 6.47407685335, 10.3713258602
1501218804, 6.47016264814, 10.3737708639
1501218805, 6.46802842328, 10.3767475572
1501218823, 6.28201101642, 10.5278204858
1501218824, 6.08913889774, 10.697235545
1501218824, 5.89215215337, 10.8869569134
1501218825, 5.71786518898, 11.0907263267
1501218826, 5.55759740351, 11.3131008144
1501218827, 5.50839631, 11.4321803588
1501218827, 5.49994224651, 11.4990125333
1501218828, 5.50315869695, 11.660545804
1501218829, 5.52743307049, 11.7523541176
1501218829, 5.54397933445, 11.7889830607
1501218830, 5.62679497588, 11.8865208548
1501218836, 5.81683033127, 12.062850672
1501218837, 5.8171122929, 12.0667044283
1501218837, 5.8239081924, 12.0699657208
1501218838, 5.82245085539, 12.076348593
1501218838, 5.82840364676, 12.0782289351
1501218839, 5.82703450163, 12.0756461584
1501218857, 5.82675268347, 12.0704062253
1501218858, 5.8282434456, 12.0694047279
1501218859, 5.81985182504, 12.0634551133
1501218860, 5.8200234368, 12.0607322177
1501218861, 5.8205212684, 12.0619329611
1501218862, 5.82592056952, 12.0625090176
1501218863, 5.82484927148, 12.0615890892
1501218865, 5.82175589238, 12.0572050049
1501218866, 5.820004413, 12.0500088873
1501218866, 5.81992219494, 12.0465940742
1501218867, 5.81365231737, 12.02782152
1501218868, 5.80815890603, 12.0095305575
1501218868, 5.81684931848, 11.9458942484
1501218869, 5.8286639058, 11.8271435412
1501218870, 5.92933870971, 11.4927013304
1501218871, 6.05618678184, 11.171327464
1501218871, 6.20845659885, 10.882594568
1501218872, 6.38906430226, 10.6530744037
1501218872, 6.59545136901, 10.4678535313
1501218873, 6.80597998756, 10.3105582362
1501218874, 7.02906557678, 10.1660403378
1501218874, 7.25778229781, 10.0305592302
1501218875, 7.494025051, 9.90020174292
1501218875, 7.72717662039, 9.77062575605
1501218876, 7.95813402729, 9.64921417206
1501218876, 8.19746655191, 9.54423520776
1501218877, 8.44378034269, 9.44464359986
1501218878, 8.69328530192, 9.37149775657
1501218878, 8.94798884073, 9.321721888
1501218879, 9.22045089017, 9.30260902176
1501218880, 9.51343464158, 9.32243610088
1501218883, 9.75658522391, 9.36657128573
1501218884, 9.78530712241, 9.38951729943
1501218886, 9.80568888322, 9.40768077758
1501218887, 9.82160640882, 9.42282057556
1501218887, 9.84469075489, 9.47159147379
1501218888, 9.87981572811, 9.57882089303
1501218888, 9.90240752688, 9.71651110561
1501218892, 9.89225428012, 9.8493896631
1501218893, 9.90034498797, 9.8544353584
1501218894, 9.90253321196, 9.85285873364
1501218918, 10.0395909109, 9.99737817289
1501218919, 10.0421084585, 9.98802172607
1501218920, 10.0380956552, 9.96988290859
1501218920, 10.0379539651, 9.95569514889
1501218921, 10.0401024519, 9.94495038147
1501218921, 10.0424643124, 9.93158553397
1501218922, 10.039404288, 9.93588036398
1501218923, 10.0222987711, 9.94901708673
1501218923, 10.0065655622, 9.96435895759
1501218924, 9.98257589257, 9.96877384417
1501218924, 9.84200168343, 9.97810826318
1501218925, 9.56519738765, 9.93217366581
1501218926, 9.24569809396, 9.81305820808
1501218927, 8.96169070272, 9.66428628954
1501218927, 8.69544582232, 9.5028053913
1501218929, 8.57725818644, 9.43590906584
1501218930, 8.5340909487, 9.42161820415
1501218930, 8.37410938712, 9.42265057177
1501218931, 8.12015134141, 9.47005674377
1501218932, 7.87472138589, 9.56227208202
1501218932, 7.75955232822, 9.63364883992
1501218933, 7.66882178848, 9.73484211057
1501218934, 7.55433582585, 9.89537833591
1501218935, 7.47932684375, 10.0668775169
1501218935, 7.44784389447, 10.2023492282
1501218936, 7.45102304769, 10.4311011795
1501218937, 7.48588681235, 10.7037357571
1501218937, 7.5428225409, 10.9676543838
1501218938, 7.63370926106, 11.2269312036
1501218938, 7.77211627059, 11.4503782944
1501218939, 7.95305339141, 11.6547804674
1501218940, 8.17480473586, 11.8316643178
1501218940, 8.22330543205, 11.849211417
1501218941, 8.26371094217, 11.8420987235
1501218941, 8.29022078083, 11.8397891245
1501218942, 8.32396489678, 11.8293118642
1501218942, 8.49576482838, 11.7473576756
1501218946, 8.58913562066, 11.6890778417
1501218947, 8.60042646563, 11.6759317077
1501218948, 8.61085985256, 11.6574553321
1501218948, 8.61723261994, 11.6473359455
1501218966, 8.623832177, 11.6345635848
1501218967, 8.62786898847, 11.6234660869
1501218968, 8.62988284302, 11.6139113562
1501218969, 8.62946396719, 11.6115316203
1501218970, 8.62714665769, 11.6198770483
1501218972, 8.620796976, 11.6301003618
1501218974, 8.61745008124, 11.6407185326
1501218975, 8.61003400315, 11.6580051778
1501218975, 8.60214482805, 11.6721930168
1501218976, 8.59528049113, 11.6880832807
1501218976, 8.57396531874, 11.7062282144
1501218977, 8.49827259947, 11.7489646353
1501218977, 8.44699093913, 11.763390086
1501218978, 8.23277467631, 11.7603380287
1501218979, 7.94659960631, 11.7178878201
1501218979, 7.87727334216, 11.7005305517
1501218980, 7.84929877189, 11.6818726432
1501218981, 7.82582395771, 11.6553248336
1501218983, 7.67948504779, 11.4400362455
1501218985, 7.60328379644, 11.336496659
1501218986, 7.56102502774, 11.3013506884
1501218987, 7.3480547547, 11.1867796328
1501218988, 7.15919762104, 11.1268019942
1501218989, 7.02979555353, 11.1225338606
1501218989, 6.81736667968, 11.1523167163
1501218990, 6.60072250556, 11.2290603907
1501218991, 6.37721085296, 11.3553157946
1501218991, 6.17624375187, 11.5245457385
1501218992, 5.98992237125, 11.748030521
1501218993, 5.88683542995, 11.9106884763
1501218993, 5.83342892793, 12.0884234762
1501218994, 5.7952015689, 12.3838628753
1501218995, 5.78333423387, 12.6640595752
1501218995, 5.79244821695, 12.9319358335
1501218996, 5.83948030068, 13.1516464558
1501218997, 5.91870605929, 13.313460615
1501218997, 6.07216298095, 13.5290725756
1501218998, 6.26073206231, 13.7297431952
1501218999, 6.48047708853, 13.9126419728
1501219000, 6.55344951037, 13.9711920104
1501219000, 6.6693183949, 14.0136818867
1501219000, 6.81130554682, 14.0401269181
1501219001, 6.92100296475, 14.0366069425
1501219001, 6.9753610738, 14.0238079958
1501219002, 7.01907815936, 13.9998895082
1501219003, 7.2319086564, 13.8303017864
1501219005, 7.29708847729, 13.7697058738
1501219007, 7.29161951898, 13.772170842
1501219007, 7.28502466219, 13.7648925013
1501219008, 7.27433249711, 13.7680656387
1501219010, 7.26796053817, 13.7678337519
1501219030, 7.28846530203, 13.777297975
1501219032, 7.28026212823, 13.7777018233
1501219032, 7.27557660356, 13.7782086431
1501219033, 7.27861006261, 13.7752841806
1501219034, 7.2795329118, 13.7747356388
1501219034, 7.27606504615, 13.7812991888
1501219035, 7.27546321365, 13.7821936161
1501219035, 7.27712768439, 13.7795664961
1501219036, 7.27236709767, 13.7903479564
1501219036, 7.25229356489, 13.8107305062
1501219037, 7.23142859789, 13.824301633
1501219040, 7.05744883534, 13.9120529883
1501219041, 7.02950933641, 13.9214696763
1501219042, 6.91690581944, 13.9309210687
1501219042, 6.62983104094, 13.896204791
1501219043, 6.34126465016, 13.8346439673
1501219045, 6.05405461523, 13.7644844594
1501219046, 5.76389894371, 13.6792240829
1501219048, 5.53377344755, 13.6233956466
1501219049, 5.41441901607, 13.6357510417
1501219050, 5.15967987135, 13.690722805
1501219050, 4.92173544303, 13.7821132149
1501219051, 4.68976981917, 13.8962618715
1501219051, 4.46713913139, 14.0366126132
1501219052, 4.32086069289, 14.1608965061
1501219053, 4.2833047725, 14.2053329531
1501219053, 4.26107448142, 14.259159018
1501219054, 4.25994585407, 14.3180504568
1501219054, 4.27058336949, 14.3915868034
1501219055, 4.30260467707, 14.5031551373
1501219055, 4.34584618453, 14.5739135849
1501219056, 4.41789079824, 14.6512646986
1501219059, 4.45718218332, 14.6812926398
1501219060, 4.45566190711, 14.6822934554
1501219061, 4.45506070511, 14.6780676828
1501219061, 4.45750258458, 14.6764404827
1501219062, 4.45810450616, 14.6748428102
1501219062, 4.46128161651, 14.6801427193
1501219095, 4.46216231781, 14.685033297
1501219096, 4.46297035831, 14.6864664877
1501219096, 4.46728167984, 14.693504718
1501219097, 4.47021809827, 14.6971649215
1501219098, 4.47270912965, 14.7005062109
1501219099, 4.4799024903, 14.7084623813
1501219100, 4.48842601774, 14.7184905383
1501219100, 4.49844955085, 14.7244049001
1501219101, 4.50307658216, 14.7221214727
1501219102, 4.50734774689, 14.7238872688
1501219102, 4.50797492127, 14.7224807859
1501219103, 4.51381981256, 14.7230191981
1501219104, 4.52010006757, 14.7192494806
1501219104, 4.52832145273, 14.7195559278
1501219105, 4.52687750463, 14.7184645107
1501219105, 4.52960416057, 14.7183702481
1501219106, 4.53354242016, 14.7158684099
1501219106, 4.53799234621, 14.7141276605
1501219106, 4.5352043794, 14.7092667809
1501219107, 4.52716484067, 14.6923230278
1501219108, 4.44399781756, 14.57771575
1501219108, 4.23293575422, 14.3789594932
1501219109, 3.97573430061, 14.1963172194
1501219110, 3.70217703539, 14.028518911
1501219110, 3.39867584283, 13.862961953
1501219111, 3.11183147329, 13.70547372
1501219112, 2.81217984008, 13.5455209485
1501219113, 2.5139259762, 13.3841093682
1501219113, 2.21289730736, 13.2247905314
1501219114, 1.90982124599, 13.057204116
1501219115, 1.61486809258, 12.8945918793
1501219116, 1.32447522394, 12.7377229443
1501219116, 1.04446184986, 12.577484839
1501219117, 0.757957904548, 12.4086707272
1501219118, 0.489257664455, 12.2484876912
1501219118, 0.222351755356, 12.0829722808
1501219119, -0.0472687816144, 11.9143454886
1501219120, -0.308271358021, 11.7364846699
1501219120, -0.551420818418, 11.5610397018
1501219121, -0.787995788762, 11.3797321336
1501219122, -1.03462945967, 11.1963585042
1501219122, -1.27480108295, 11.0117595339
1501219123, -1.51716940179, 10.8256967444
1501219124, -1.75682353792, 10.6454815651
1501219124, -1.99552475477, 10.4635319309
1501219125, -2.24561101853, 10.2793795736
1501219125, -2.48810869773, 10.0987894101
1501219126, -2.73053947367, 9.91950537643
1501219127, -2.96943857672, 9.74200373056
1501219127, -3.2038056849, 9.55529840575
1501219128, -3.43120051886, 9.37509834128
1501219129, -3.65927272454, 9.19959819191
1501218793, 7.23739971683, 9.00992679809
1501218795, 7.27027929539, 9.28595024595
1501218796, 7.2653972085, 9.46560546572
1501218797, 7.1946984921, 9.79881532693
1501219129, -3.88471666924, 9.02083855478
1501219130, -4.13097752577, 8.84490749061
1501219130, -4.3742896362, 8.66412065048
1501219131, -4.6135816529, 8.49778460534
1501219132, -4.86622859439, 8.32996581266
1501219132, -5.12099124321, 8.17426406821
1501219133, -5.39007441037, 8.00382987465
1501219134, -5.65332611126, 7.84451180166
1501219134, -5.92691026887, 7.68640095625
1501219135, -6.19278288343, 7.52254656878
1501219136, -6.46081465901, 7.36157266807
1501219136, -6.71836977586, 7.20589843357
1501219137, -6.98665831858, 7.0655071606
1501219138, -7.25700173532, 6.91877900543
1501219138, -7.5265267385, 6.77639728931
1501219139, -7.80184607733, 6.63570918251
1501219140, -8.07943445046, 6.48870176896
1501219140, -8.35401957718, 6.34983206145
1501219141, -8.63106142222, 6.2133077264
1501219142, -8.9096108609, 6.06620015084
1501219143, -9.17849784, 5.92796266551
1501219144, -9.32898175127, 5.8241295568
1501219145, -9.38975865137, 5.75255978815
1501219145, -9.45230036523, 5.62343838494
1501219146, -9.51911295636, 5.3446781912
1501219146, -9.54349233728, 5.07552347542
1501219147, -9.54616540845, 4.79452504418
1501219148, -9.55150203961, 4.52722735734
1501219149, -9.53333669264, 4.2354182702
1501219149, -9.4805833631, 3.93680115157
1501219150, -9.39281918939, 3.63702769673
1501219151, -9.2363099464, 3.29274050447
1501219152, -9.06664623939, 3.00596264029
1501219152, -8.88163574967, 2.7759859184
1501219153, -8.68557948877, 2.57298658566
1501219153, -8.48770037306, 2.38374161473
1501219154, -8.29020829456, 2.21703840667
1501219155, -8.08788672268, 2.0590971889
1501219155, -7.87494221821, 1.894000788
1501219156, -7.66201884735, 1.7507326214
1501219158, -7.44660245892, 1.60695232403
1501219158, -7.4198426405, 1.60161948001
1501219161, -7.16264249006, 1.56670410242
1501219163, -7.09689785827, 1.55322733935
1501219163, -7.06959494614, 1.54601898595
1501219164, -6.90875140181, 1.62846836969
1501219165, -6.66186074789, 1.8173336093
1501219165, -6.46575795167, 2.02293159269
1501219166, -6.30440871271, 2.2378985587
1501219167, -6.1391161378, 2.45030194587
1501219168, -6.0349080953, 2.57461713938
1501219169, -5.91875750721, 2.662735004
1501219170, -5.79975371299, 2.71725465419
1501219171, -5.56749409169, 2.75929683665
1501219171, -5.34269990694, 2.75847520676
1501219172, -5.0802915091, 2.71492223078
1501219173, -4.83354310387, 2.65566275641
1501219173, -4.59856300181, 2.58011026862
1501219174, -4.36973768768, 2.47969917309
1501219174, -4.14112692574, 2.36535906963
1501219175, -3.91842950571, 2.25414794805
1501219175, -3.69469846125, 2.14320583718
1501219176, -3.46428621769, 2.02081084194
1501219177, -3.23205685041, 1.89342123484
1501219177, -3.01021755783, 1.77827991827
1501219178, -2.78546978579, 1.66615034155
1501219178, -2.56440966155, 1.55421087645
1501219179, -2.33884130057, 1.4360739498
1501219179, -2.11435090492, 1.32601172844
1501219180, -1.88965005315, 1.21466632647
1501219180, -1.66757840654, 1.10246914051
1501219181, -1.44444574648, 0.992497855169
1501219181, -1.22156576744, 0.886170880823
1501219182, -0.988979445424, 0.780023672647
1501219183, -0.756341824916, 0.673008711859
1501219183, -0.52622818879, 0.558677614706
1501219184, -0.290166585096, 0.453374630767
1501219185, -0.0644064426825, 0.34214761895